{"Everyone":{"Members":[],"CommandList":["help","version","motd","servertime","accept","players"],"Worlds":[],"Color":"f","CanBuild":true,"CanInteract":true,"Prefix":"","Suffix":"","Name":"Everyone","ID":"d6cd93ec-d001-4ba6-b5e8-05cf03fb05ec","IsDefault":true,"Inherits":""},"Regulars":{"Members":[],"CommandList":["join","invite","lastseen","ping"],"Worlds":[],"Color":"a","CanBuild":true,"CanInteract":true,"Prefix":"","Suffix":"","Name":"Regulars","ID":"55f20a0f-7eab-4a6d-8b93-3041d36fd991","IsDefault":false,"Inherits":"Everyone"},"Moderators":{"Members":[],"CommandList":["delplayerdata","kick","ban","ban-ip","give","giveme","giveto","goto","summon","lookup","pardon","pardon-ip","save-all","say","stats","tp","whois","creative","survival","day","night"],"Worlds":[],"Color":"1","CanBuild":true,"CanInteract":true,"Prefix":"","Suffix":"","Name":"Moderators","ID":"aaf96944-3bcb-4ca0-a36e-57b13c2938ad","IsDefault":false,"Inherits":"Regulars"},"Administrators":{"Members":[],"CommandList":["*","bukkit.command.*"],"Worlds":[],"Color":"4","CanBuild":true,"CanInteract":true,"Prefix":"","Suffix":"","Name":"Administrators","ID":"5fe80880-6a40-4d6b-8e82-b06341ce010a","IsDefault":false,"Inherits":"Moderators"}}