[{"AtTime":{"OnHour":-1,"OnMinute":-15},"EventType":100,"EventData":"","EventCondition":null,"OneShot":false,"EventOffsetMins":0,"TriggerEvent":0},{"AtTime":{"OnHour":3,"OnMinute":45},"EventType":300,"EventData":"Server restarting in 15 minutes.","EventCondition":null,"OneShot":false,"EventOffsetMins":0,"TriggerEvent":0},{"AtTime":{"OnHour":3,"OnMinute":55},"EventType":300,"EventData":"Server restarting in 5 minutes.","EventCondition":null,"OneShot":false,"EventOffsetMins":0,"TriggerEvent":0},{"AtTime":{"OnHour":3,"OnMinute":59},"EventType":300,"EventData":"Server restarting in 1 minute.","EventCondition":null,"OneShot":false,"EventOffsetMins":0,"TriggerEvent":0},{"AtTime":{"OnHour":4,"OnMinute":0},"EventType":200,"EventData":"","EventCondition":null,"OneShot":false,"EventOffsetMins":0,"TriggerEvent":0},{"AtTime":{"OnHour":4,"OnMinute":5},"EventType":1800,"EventData":"","EventCondition":null,"OneShot":false,"EventOffsetMins":0,"TriggerEvent":0}]